Feature,n_yes,n_no,odds_ratio,cohen_h,chi2,p_value,n_needed,significant,rate_yes_pct,rate_no_pct,or_ci_str
Mentor Contact,184,101,1.4634146341463414,0.18924640901487955,1.9553794835034761,0.16200833762104372,220,False,50.0,40.6,"[0.90,2.39]"
Portfolio (GitHub),209,76,0.7754738015607581,0.1269671399310437,0.6633148923444967,0.41539209521562603,487,False,45.0,51.3,"[0.46,1.31]"
Paid Training,134,151,0.8185585585585585,0.09981968687264353,0.5207123529702474,0.4705379706024211,788,False,44.0,49.0,"[0.51,1.31]"
Cairo Location,153,132,1.226790450928382,0.10190181690522127,0.5448756207028252,0.4604191054689739,756,False,49.0,43.9,"[0.77,1.96]"
Government University,192,93,0.9622683142100618,0.019192060917587073,0.0006412910426267167,0.9797967502667623,21310,False,46.4,47.3,"[0.59,1.58]"
Python Skill,187,98,0.7197012138188609,0.16413455486505812,1.4197152075115755,0.2334502842010851,292,False,43.9,52.0,"[0.44,1.18]"
SQL Skill,216,69,0.8710407239819005,0.068936825596696,0.12984439699792905,0.7185934279849175,1652,False,45.8,49.3,"[0.51,1.50]"
