Feature,n_yes,n_no,odds_ratio,cohen_h,chi2,p_value,n_needed,significant,rate_yes_pct,rate_no_pct,or_ci_str
Mentor Contact,123,62,1.3206153846153845,0.13783630832081983,0.5261363599753149,0.46823575873733847,414,False,47.2,40.3,"[0.71,2.45]"
Portfolio (GitHub),132,53,0.7892307692307692,0.1179207827241866,0.3168564388046928,0.5735029627897369,565,False,43.2,49.1,"[0.42,1.50]"
Paid Training,87,98,0.7011217948717948,0.17625805956618334,1.0945593616202867,0.2954632050869415,253,False,40.2,49.0,"[0.39,1.26]"
Cairo Location,90,95,1.1524390243902438,0.07055667508098029,0.11004328632037598,0.7400948603342871,1577,False,46.7,43.2,"[0.65,2.06]"
Government University,126,59,0.7758620689655172,0.12639760475023842,0.41446779458272076,0.5197104957264782,492,False,42.9,49.2,"[0.42,1.44]"
Python Skill,120,65,0.6292460646230323,0.23054643889791104,1.8042177192934643,0.17920342839528886,148,False,40.8,52.3,"[0.34,1.16]"
SQL Skill,141,44,0.6763285024154589,0.19496256910262444,0.9179376178434684,0.3380170697743783,207,False,42.6,52.3,"[0.34,1.33]"
