Metric,Value
Hours Corr,-0.09615678056945563
Projects Corr,-0.005960496567912558
Mentor Impact,1.2468307233407907
Portfolio Impact,0.9842845326716293
Paid Impact,0.7646017699115044
Hypothesis Effort,0.38235294117647056
Hypothesis Projects,0.5370370370370371
