Skill,Student Supply %
Python,63.55555555555556
SQL,70.22222222222221
Excel,89.77777777777777
Statistics,83.11111111111111
Tableau,33.77777777777778
Power BI,72.0
Visualization (General),76.0
Machine Learning,52.44444444444445
Portfolio,68.88888888888889
Projects (1+),80.44444444444444
Kaggle,16.88888888888889
